title,Date,direction
,,
The US government is asking Tesla why it lets people play video games while driving,12/10/21,https://www.businessinsider.com/nhtsa-looks-at-tesla-letting-people-play-games-while-driving-2021-12
Activision Blizzard employees create strike fund while taking steps toward unionization,12/10/21,https://www.theverge.com/2021/12/9/22826129/activision-blizzard-employees-create-strike-fund-while-taking-steps-toward-unionization
Amazon fined $1.3 billion for abusing market position in Italy,12/10/21,https://www.theverge.com/2021/12/9/22825759/amazon-antitrust-fine-italy-1-3-billion
Germany OKs Mercedes Drive Pilot hands-free system - first automaker to reach level 3 automation,12/10/21,https://www.autoblog.com/2021/12/09/mercedes-drive-pilot-driver-assist/
Longannet: Nicola Sturgeon ignites 700kg of explosives to raze Scotland's last coal power station,12/10/21,https://www.itv.com/news/2021-12-09/sturgeon-ignites-700kg-of-explosives-to-raze-scotlands-last-coal-power-station
Instagram head says it’s bringing back the chronological feed,12/10/21,https://www.theverge.com/2021/12/8/22824609/instagram-chronological-feed-adam-mosseri
Jet Flown by United Airlines Entirely Powered by 100% Plant-Based Fuel from Corn Stalk Waste,12/10/21,https://www.goodnewsnetwork.org/united-airlines-operate-first-flight-with-100-percent-plant-based-fuel-from-corn/#.YbI_uEuiJR0.reddit
"The metaverse could let Silicon Valley track your facial expressions, blood pressure, and your breathing rates — showing exactly why our internet laws need updating",12/10/21,https://www.businessinsider.com/metaverse-silicon-valley-tech-data-collection-regulation-laws-need-updating-2021-12
German Court Rules Man Who Broke His Back Walking From Bed to Home Office Had a Workplace Accident | The employee argued that remote workers shouldn't receive less protection from accident insurance than those who work in a office.,12/10/21,https://gizmodo.com/german-court-rules-man-who-broke-his-back-walking-from-1848190632
"Masayuki Uemura, Creator Of The NES And SNES, Dies At Age 78",12/10/21,https://kotaku.com/masayuki-uemura-creator-of-the-nes-and-snes-dies-at-7-1848184264
"When Amazon Expands, These Communities Pay the Price",12/10/21,https://www.consumerreports.org/corporate-accountability/when-amazon-expands-these-communities-pay-the-price-a2554249208/
Better.com CEO is taking time off after laying off 900 employees via Zoom,12/10/21,https://www.cnn.com/2021/12/10/business/better-com-ceo-vishal-garg-time-off/index.html?utm_content=2021-12-10T23%3A01%3A04&utm_term=link&utm_medium=social&utm_source=twCNN
Apple’s concessions in China reportedly include a secret $275 billion deal and one odd change in Maps,12/10/21,https://www.theverge.com/2021/12/10/22826695/apple-china-mou-275-billion-tim-cook-icloud
Google tells employees it won’t raise everyone’s wages to keep up with inflation.,12/10/21,https://www.theverge.com/2021/12/10/22828132/google-employee-wages-inflation-2021-record-profits
Deutsche Bank: Crypto is not environmentally sustainable,12/10/21,https://invezz.com/news/2021/12/10/deutsche-bank-crypto-is-not-environmentally-sustainable/
New zero-day in the Log4j Java library is already being exploited,12/10/21,https://www.zdnet.com/article/security-warning-new-zero-day-in-the-log4j-java-library-is-already-being-exploited/
New social media transparency bill would force Facebook to open up to researchers,12/10/21,https://www.theverge.com/2021/12/10/22827957/senators-bipartisan-pata-act-social-media-transparency-section-230
It's Increasingly Obvious Apple's 'Do Not Track' Button Is Privacy Theater,12/10/21,https://www.techdirt.com/articles/20211209/06403948085/increasingly-obvious-apples-do-not-track-button-is-privacy-theater.shtml
"Best Buy pulls TCL Google TVs amid complaints of slow, buggy software - Listings for both the 6-Series and 5-Series have disappeared",12/10/21,https://www.theverge.com/2021/12/9/22826619/tcl-6-5-series-google-tv-best-buy-removal-os-bugs-slow
"Twitter Spaces filled with hate speech, extremism, report says",12/10/21,https://www.cnet.com/tech/mobile/twitter-spaces-filled-with-hate-speech-extremism-report-says/
"Major U.S. utilities plan coast-to-coast, EV-charging network",12/10/21,https://www.eenews.net/articles/major-u-s-utilities-plan-coast-to-coast-ev-charging-network/
FAA says lack of federal whistleblower protections is 'enormous factor' hindering Blue Origin safety review,12/11/21,https://www.cnn.com/2021/12/10/tech/blue-origin-safety-review-whistleblower-scn/index.html
Top Excel experts will battle it out in an esports-like competition this weekend,12/11/21,https://www.pcworld.com/article/559001/the-future-of-esports-is-microsoft-excel-and-its-on-espn.html
"Amazon Has Received $4.7 Billion in Subsidies Globally, Watchdog Says",02/09/22,https://www.vice.com/en/article/jgmvk8/amazon-has-received-at-least-dollar47-billion-in-subsidies-globally-watchdog-says
"Peloton is laying off nearly 3,000 employees but its instructors — who reportedly can make more than $500,000 a year — are safe",02/09/22,https://www.businessinsider.com/peloton-lays-off-nearly-3000-employees-not-instructors-2022-2
Pfizer accused of pandemic profiteering as profits double,02/09/22,https://www.theguardian.com/business/2022/feb/08/pfizer-covid-vaccine-pill-profits-sales
Facebook falls behind Nvidia in market cap and is now eighth most valuable U.S. company,02/09/22,https://www.cnbc.com/2022/02/08/facebook-falls-behind-nvidia-market-cap-now-eighth-biggest-in-us.html
Chinese 'space cleaner' spotted grabbing and throwing away old satellite,02/09/22,https://www.dw.com/en/chinese-space-cleaner-spotted-grabbing-and-throwing-away-old-satellite/a-60658574
"TikTok shares your data more than any other social media app — and it’s unclear where it goes, study says",02/09/22,https://www.cnbc.com/2022/02/08/tiktok-shares-your-data-more-than-any-other-social-media-app-study.html
Elon Musk's SpaceX says a geomagnetic storm wiped out 40 of the 49 Starlink satellites it launched into orbit last week,02/09/22,https://www.businessinsider.com/spacex-lost-starlink-satellites-orbit-geomagnetic-solar-storm-space-launch-2022-2
Time-shifted computing could slash data center energy costs by up to 30%,02/09/22,https://arstechnica.com/science/2022/02/time-shifted-computing-could-slash-data-center-energy-costs-by-up-to-30/
UK.gov threatens to make adults give credit card details for access to Facebook or TikTok,02/09/22,https://www.theregister.com/2022/02/08/age_verification_for_social_media_ukgov_plans/
Meta’s Oversight Board urges Facebook and Instagram to tighten doxing rules,02/09/22,https://techcrunch.com/2022/02/08/metas-oversight-board-facebook-and-instagram-to-tighten-doxing-rules/
"Our Environmental Crisis Requires Political Fixes, Not Technological Ones",02/09/22,https://www.scientificamerican.com/article/our-environmental-crisis-requires-political-fixes-not-technological-ones/
AirTags Are A Growing Headache For Apple Amid Disturbing Reports Of Tracking,02/13/22,https://www.huffpost.com/entry/apple-airtags-tracking_n_61f425ade4b067cbfa1cb2b8
Astronomers now say the rocket about to strike the Moon is not a Falcon 9 but a Chinese rocket launched in 2014.,02/13/22,https://arstechnica.com/science/2022/02/actually-a-falcon-9-rocket-is-not-going-to-hit-the-moon/
Netflix Is About to Cost You More Money,02/13/22,https://gizmodo.com/netflix-is-about-to-cost-you-more-money-1848363589
Renewables are cheaper than ever – so why are household energy bills only going up?,02/13/22,https://theconversation.com/renewables-are-cheaper-than-ever-so-why-are-household-energy-bills-only-going-up-174795
Apple Is Reportedly Giving Its Retail Workers Raises to Make Sure They Don’t Leave,02/13/22,https://gizmodo.com/apple-retail-workers-wage-increase-great-resignation-re-1848529619
22% of Italians have stopped using social media in last year,02/13/22,https://www.ansa.it/english/news/lifestyle/arts/2022/01/18/22-of-italians-have-stopped-using-social-media-in-last-year_6efd3f1d-179e-4432-bfee-0bf7b945b35e.html
US couple accused of laundering $4.5 billion in Bitcoin: Here’s how this happened,02/13/22,https://indianexpress.com/article/technology/crypto/us-couple-accused-of-laundering-4-5-billion-in-bitcoin-heres-how-this-happened-7763865/
MoviePass will track people’s eyes through their phone’s cameras to make sure they don’t look away from ads.,02/13/22,https://www.independent.co.uk/tech/moviepass-track-eyes-phone-cameras-b2013273.html
"55,000+ Arizonans Work In Clean Energy & Electric Vehicle Industry",02/13/22,https://cleantechnica.com/2022/02/13/55000-arizonans-work-in-clean-energy-electric-vehicle-industry/
Amazon’s Hidden Worldwide Subsidies,02/13/22,http://www.uni-europa.org/news/amazons-hidden-subsidies
iPhone 13 is Significantly Faster Than Samsung's New Galaxy S22 in Benchmarks,02/13/22,https://www.macrumors.com/2022/02/11/samsung-galaxy-s22-vs-iphone-13-benchmark/
"Fake, international Facebook accounts behind the Convoy to Canberra protests",02/13/22,https://www.msn.com/en-au/news/australia/fake-international-facebook-accounts-behind-the-convoy-to-canberra-protests/ar-AATFwuV
TikTok keeps recommending live 'simulated sex' videos to users,02/13/22,https://mashable.com/article/tiktok-simulated-sex-live-videos
IBM executives called older workers 'dinobabies' who should be 'extinct' in internal emails released in age discrimination lawsuit,02/13/22,https://www.businessinsider.com/ibm-execs-called-older-workers-dinobabies-in-age-discrimination-lawsuit-2022-2
Valve releases Steam Deck CAD files allowing anyone to 3D-print custom shells | Engadget,02/13/22,https://www.engadget.com/valve-steam-deck-cad-files-release-175935793.html
Coinbase’s bouncing QR code Super Bowl ad was so popular it crashed the app,02/14/22,https://www.theverge.com/2022/2/13/22932397/coinbases-qr-code-super-bowl-ad-app-crash
"Meta Wouldn't Tell Us How It Enforces Its Rules In VR, So We Ran A Test",02/14/22,https://slashdot.org/story/396259
Coinbase just kicked off the Super Bowl with a simple ad featuring a QR code styled like the bouncing icon of a DVD screensaver,02/14/22,https://www.businessinsider.in/tech/news/coinbase-just-kicked-off-the-super-bowl-with-a-simple-ad-featuring-a-qr-code-styled-like-the-bouncing-icon-of-a-dvd-screensaver/articleshow/89555354.cms
India Bans 50 More ‘Chinese’ Smartphone Apps,02/14/22,https://www.news18.com/news/tech/govt-bans-50-more-chinese-smartphone-apps-garena-free-fire-may-be-banned-too-in-india-report-4768322.html
"Fresh government ban on 54 Chinese apps posing threat to national security, check list",02/14/22,https://www.msn.com/en-in/news/other/fresh-government-ban-on-54-chinese-apps-posing-threat-to-national-security-check-list/ar-AATOHvB
GiveSendGo hacked as names of Freedom Convoy donors apparently leaked,02/14/22,https://www.newsweek.com/givesendgo-hacked-details-freedom-convoy-donors-apparently-leaked-1678817
"Hackers Just Leaked the Names of 92,000 ‘Freedom Convoy’ Donors",02/14/22,https://www.vice.com/en/article/k7wpax/freedom-convoy-givesendgo-donors-leaked
Russian drones shot down over Ukraine were full of Western parts. Can the U.S. cut them off?,02/14/22,https://www.washingtonpost.com/technology/2022/02/11/russian-military-drones-ukraine/
Russian teen gets 5 years over Minecraft bomb plot,02/14/22,https://www.theregister.com/2022/02/14/minecraft_bomb_plot/
"TikTok Users Are Feeding Data to CCP Intelligence Agencies, Cyber Experts Warn",02/14/22,https://mb.ntd.com/tiktok-users-are-feeding-data-to-ccp-intelligence-agencies-cyber-experts-warn_739897.html
Scientists Build an Artificial Fish That Swims on Its Own Using Human Heart Cells,02/14/22,https://www.smithsonianmag.com/smart-news/scientists-build-an-artificial-fish-that-swims-on-its-own-using-human-heart-cells-180979570/
"India bans Garena Free Fire, 53 more China-linked apps",02/14/22,https://techcrunch.com/2022/02/13/india-ban-china-apps/
Hacker could've printed unlimited 'Ether' but chose $2M bug bounty instead,02/14/22,https://protos.com/ether-hacker-optimism-ethereum-layer2-scaling-bug-bounty/
Texas AG sues Facebook for allegedly collecting facial recognition data without consent,02/14/22,https://www.cnbc.com/2022/02/14/texas-sues-facebook-parent-meta-over-facial-recognition-privacy.html
Anti-Encryption Bill Passes Senate Judiciary Committee: Over 60 organizations spoke out against the new bill which could threaten encryption and incentivize increased surveillance:,02/14/22,https://gizmodo.com/earn-it-anti-encryption-bill-passes-senate-committee-1848515670
SpaceX sells three more flights to billionaire Jared Isaacman,02/14/22,https://www.cnn.com/2022/02/14/tech/spacex-moon-jared-isaacman-tourism-scn/index.html
Microsoft is reopening its Washington and Bay Area offices this month,02/14/22,https://www.cnbc.com/2022/02/14/microsoft-is-reopening-its-washington-and-bay-area-offices-this-month.html
Apple broke Facebook’s ad machine. Who’s going to fix it? A $250 billion question.,02/14/22,https://www.vox.com/recode/22929715/facebook-apple-ads-meta-privacy
Construction begins on New York’s first offshore wind farm,02/14/22,https://www.theverge.com/2022/2/14/22933095/new-york-offshore-wind-farm-south-fork-long-island-construction
AI Creates Photorealistic Portraits of Cartoon Characters,02/14/22,https://kottke.org/22/02/ai-creates-photorealistic-portraits-of-cartoon-characters
Exclusive: FBI and DHS warn U.S. officials of possible Russian cyberattacks linked to invasion of Ukraine,02/15/22,https://www.yahoo.com/news/exclusive-fbi-and-dhs-warn-us-officials-of-possible-russian-cyber-attacks-linked-to-invasion-of-ukraine-220516786.html
State Department orders destruction of IT equipment at Kyiv embassy,02/15/22,https://www.fedscoop.com/state-department-orders-destruction-of-it-equipment-at-kyiv-embassy/
China to start building 5G satellite network to challenge Elon Musk’s Starlink,02/15/22,https://www.scmp.com/news/china/science/article/3164140/china-start-building-5g-satellite-network-challenge-elon-musks
U.S. to provide $5 billion to help states build network of EV charging stations,02/15/22,https://www.nbcnews.com/news/us-news/us-provide-5-billion-help-states-build-network-ev-charging-stations-rcna16159
"Intel plans on ""selling"" access to advanced processor functions",02/15/22,https://www.msn.com/en-us/news/technology/some-intel-cpus-may-no-longer-perform-to-their-maximum-straight-out-of-the-box/ar-AATQbDT?ocid=msedgntp
MIT Develops New Programming Language for High-Performance Computers,02/15/22,https://scitechdaily.com/mit-develops-new-programming-language-for-high-performance-computers/
Buffett's Berkshire bought about $1 billion worth of Activision shares before Microsoft deal,02/15/22,https://www.cnbc.com/2022/02/14/buffetts-berkshire-bought-activision-stock-before-microsoft-deal.html
Elon Musk has donated $5.7 billion in Tesla shares to charity,02/15/22,https://www.cnn.com/2022/02/15/business/elon-musk-charity-donation/index.html
Mark Zuckerberg’s metaverse will require computing tech no one knows how to build,02/15/22,https://www.protocol.com/newsletters/protocol-enterprise/cybersecurity-metaverse-zuckerberg-unicorns
Engineering student's AI model turns American Sign Language into English in real-time,02/15/22,https://interestingengineering.com/AI-translates-ASL-in-real-time
"Virgin Galactic is looking for 1,000 people to buy its $450,000 spaceflight tickets",02/15/22,https://www.engadget.com/virgin-galactic-wants-you-and-999-other-people-to-sign-up-for-a-space-flight-135020170.html
"Newegg Apologizes for Customer Service Failings, Promises Change",02/15/22,https://www.tomshardware.com/news/newegg-says-issues-apology-for-customer-service-failings-promises-change
"The DeLorean Is Officially Back, And It's Electric",02/15/22,https://www.ign.com/articles/delorean-return-back-to-the-future
Tesla is under investigation after a South Korean regulator said it exaggerated mileage claims for vehicles including the Model 3: report,02/15/22,https://www.businessinsider.com/tesla-investigation-exaggerate-mileage-electric-vehicles-battery-advertisement-south-korea-2022-2
FTC warns VoIP providers: Share your robocall info or get sued,02/15/22,https://www.bleepingcomputer.com/news/security/ftc-warns-voip-providers-share-your-robocall-info-or-get-sued/
Google Search Is Dying,02/15/22,https://dkb.io/post/google-search-is-dying
Nearly a quarter of Americans get news from podcasts,02/15/22,https://www.pewresearch.org/fact-tank/2022/02/15/nearly-a-quarter-of-americans-get-news-from-podcasts/
"Missouri's Governor Still Insists Reporter Is A Hacker, Even As Prosecutors Decline To Press Charges",02/15/22,https://www.techdirt.com/articles/20220212/19454448457/missouris-governor-still-insists-reporter-is-hacker-even-as-prosecutors-decline-to-press-charges.shtml
The results are in! Californians across the political spectrum support Right to Repair,02/15/22,https://calpirg.org/blogs/blog/cap/californians-across-political-spectrum-support-repair
The Worst Timeline: A Printer Company Is Putting DRM in Paper Now,02/16/22,https://www.eff.org/deeplinks/2022/02/worst-timeline-printer-company-putting-drm-paper-now
Valve is partnering with iFixit to sell Steam Deck replacement parts,02/16/22,https://www.pcgamer.com/valve-is-partnering-with-ifixit-to-sell-steam-deck-replacement-parts/
Their Bionic Eyes Are Now Obsolete and Unsupported - Second Sight left users of its retinal implants in the dark,02/16/22,https://spectrum.ieee.org/bionic-eye-obsolete
"Electric cars have a smaller carbon footprint than traditional cars, despite claim",02/16/22,https://www.newswise.com/factcheck/electric-cars-have-a-smaller-carbon-footprint-than-traditional-cars-despite-claim/?article_id=765626
Zuck Tells Employees They’re Now Called Metamates.,02/16/22,https://gizmodo.com/facebook-employees-are-now-called-metamates-metamates-1848543792
Nintendo won’t let you buy digital games for Wii U and 3DS after March 2023,02/16/22,https://www.theverge.com/2022/2/15/22936552/nintendo-eshop-wii-u-3ds-no-new-purchases-late-march-2023
"ExxonMobil, Chevron and Toyota accused of being corporate ""influencers"" that are blocking action against global warming",02/16/22,https://www.abc.net.au/news/2022-02-16/cop26-paris-climatechange-globalwarming-glasgow/100592498
Workers in Belgium Can Ask for a Four-Day Week With No Loss of Pay,02/16/22,https://www.vice.com/en/article/88gd5b/workers-in-belgium-can-ask-for-a-four-day-week-with-no-loss-of-pay
Elon Musk's Neuralink wants to embed microchips in people's skulls and get robots to perform brain surgery,02/16/22,https://www.businessinsider.com/neuralink-elon-musk-microchips-brains-ai-2021-2
"New bill would require companies like Facebook, Google to add features that protect children",02/16/22,https://www.cnbc.com/2022/02/16/new-bill-would-require-facebook-google-and-others-to-protect-children.html
"Facebook parent Meta, relying on modern slavery to sustain its profitable business.",02/16/22,https://www.msn.com/en-us/money/news/moderator-inside-facebooks-african-sweatshop-says-work-is-mental-torture/ar-AATRB8n
California’s strict child-data bill would limit Big Tech data collection,02/16/22,https://arstechnica.com/tech-policy/2022/02/californias-strict-child-data-bill-would-limit-big-tech-data-collection/
The Hummer EV’s battery weighs more than a Honda Civic,02/16/22,https://www.theverge.com/2022/2/16/22937491/hummer-ev-electric-truck-battery-weight-truck-bloat
Senator Klobuchar's Next Unconstitutional Speech Control Bill: The NUDGE Act,02/16/22,https://www.techdirt.com/articles/20220214/23523948475/senator-klobuchars-next-unconstitutional-speech-control-bill-nudge-act.shtml
"Insurance claims jump 31% as more gamers using VR headsets crash into furniture and smash TV screens, a report says",02/16/22,https://www.businessinsider.com/vr-headset-craze-hikes-insurance-claims-gamers-ruin-furniture-report-2022-2
FCC opens apartments up to more broadband competition,02/16/22,https://www.theverge.com/2022/2/16/22937733/fcc-broadband-competition-apartments-landlords-agreements
"Rebuffing cable lobby, FCC bans deals that block competition in apartments | Vote closes loopholes ISPs use to make sure apartment dwellers have only one choice.",02/17/22,https://arstechnica.com/tech-policy/2022/02/rebuffing-cable-lobby-fcc-bans-deals-that-block-competition-in-apartments/
Clearview AI aims to put almost every human in facial recognition database,02/17/22,https://arstechnica.com/tech-policy/2022/02/clearview-ai-aims-to-put-almost-every-human-in-facial-recognition-database/
DeepMind Has Trained an AI to Control Nuclear Fusion,02/17/22,https://www.wired.com/story/deepmind-ai-nuclear-fusion/amp
"Russian Hackers Have Targeted Defense Contractors to Steal Sensitive Data, U.S. Intelligence Says",02/17/22,https://gizmodo.com/russian-hackers-have-targeted-defense-contractors-to-st-1848551828
Not Just San Francisco: Police Across the Country are Retaining and Searching DNA of Victims and Innocent People,02/17/22,https://www.eff.org/deeplinks/2022/02/not-just-san-francisco-police-across-country-are-retaining-and-searching-dna
Android’s toothless “Privacy Sandbox” fails to answer iOS tracking limits,02/17/22,https://arstechnica.com/gadgets/2022/02/androids-toothless-privacy-sandbox-fails-to-answer-ios-tracking-limits/
Amazon union buster reportedly warned workers that they could get lower pay,02/17/22,https://www.engadget.com/amazon-union-avoidance-officer-meeting-jfk8-074643549.html
"JP Morgan Chase Enters Metaverse, Predicts $1 Trillion Industry",02/17/22,https://www.jpmorgan.com/content/dam/jpm/treasury-services/documents/opportunities-in-the-metaverse.pdf
Google's latest privacy changes could hurt Facebook-parent Meta,02/17/22,https://fortune.com/2022/02/16/google-privacy-changes-android-facebook-ads-meta/
Chrome OS Flex is an ideal off-ramp for millions of PCs that can’t run Windows 11.,02/17/22,https://arstechnica.com/gadgets/2022/02/chromeos-flex-is-an-ideal-off-ramp-for-millions-of-pcs-that-cant-run-windows-11/
"Elon Musk Accuses SEC of 'Endless, Unfounded' Investigations Into Tesla",02/17/22,https://www.businessinsider.com/elon-musk-accuses-sec-of-endless-unfounded-investigations-into-tesla-2022-2
Startup Will Drill 12 Miles Into Earth's Crust to Tap the Boundless Energy Below,02/17/22,https://singularityhub.com/2022/02/14/startup-aims-to-drill-12-miles-into-earths-crust-to-tap-the-boundless-energy-below/
Ford’s Mustang Mach-E beats Tesla’s Model 3 as Consumer Reports’ top electric vehicle for 2022,02/17/22,https://www.cnbc.com/2022/02/17/fords-mustang-mach-e-tops-teslas-model-3-in-consumer-reports-list-.html
Tesla faces another US investigation: unexpected braking,02/17/22,https://techxplore.com/news/2022-02-tesla-unexpected.html
"'Pathetic' performance has left U.S. 'well behind' China in 5G race, ex-Google CEO Eric Schmidt says",02/17/22,https://www.cnbc.com/2022/02/17/us-well-behind-china-in-5g-race-ex-google-ceo-eric-schmidt-says.html?__source=iosappshare%7Ccom.apple.UIKit.activity.Message
"'Pathetic' performance has left U.S. 'well behind' China in 5G race, ex-Google CEO Eric Schmidt says",02/17/22,https://www.cnbc.com/2022/02/17/us-well-behind-china-in-5g-race-ex-google-ceo-eric-schmidt-says.html
"Wordle Is Watching You | There's a slew of ad tracking tech on the New York Times-owned Wordle, a game once lauded for having none at all.",02/17/22,https://gizmodo.com/wordle-ad-trackers-privacy-new-york-times-1848554549
Solar panels on water canals could generate 13GW of power for California,02/17/22,https://interestingengineering.com/california-solar-panels-on-water-canals
Mark Zuckerberg promoted Meta policy chief Nick Clegg so the CEO won't have to deal with governments as much any more,02/17/22,https://www.businessinsider.com/meta-mark-zuckerberg-promotes-nick-clegg-deal-governments-2022-2
Amazon Co-Owns Deportation Airline Implicated in Alleged Torture of Immigrants,02/17/22,https://theintercept.com/2022/02/17/amazon-ice-deportation-flights-omni/
YouTube Announces New Moves to Combat Misinformation,02/17/22,https://www.lifewire.com/youtube-announces-new-moves-to-combat-misinformation-5219509
‘Zero-Click’ Hacks Are Growing in Popularity. There’s Practically No Way to Stop Them,02/17/22,https://www.bloomberg.com/news/articles/2022-02-17/-zero-click-hacks-by-nso-group-and-others-growing-in-popularity
Man Who Lived in Small Apartment Owes Nintendo $14.5 Million: Gary Bowser was recently sentenced to over 3 years in prison and ordered to pay millions to Nintendo for what his lawyers say was a relatively minor role in a Nintendo Switch piracy ring.,02/17/22,https://www.vice.com/en/article/epxm5n/gary-bowser-small-apartment-owes-nintendo-10-million
"Apple chief Tim Cook faces shareholder revolt over $99m pay package | Shareholders urged to vote against deal for Cook, 61, whose pay last year was 1,447 times that of the average Apple employee",02/18/22,https://www.theguardian.com/technology/2022/feb/17/apple-tim-cook-pay-package-shareholders
A Father Accidentally Shut Down His Town's Whole Internet in an Effort to Limit His Kids' Screentime,02/18/22,https://gizmodo.com/man-shut-down-his-towns-internet-while-trying-to-limit-1848556704
You’ll need a Microsoft account to set up future versions of Windows 11 Pro,02/18/22,https://arstechnica.com/gadgets/2022/02/new-preview-build-adds-microsoft-account-requirement-to-windows-11-pro/
Windows 11 Pro will soon force you to make a Microsoft account.,02/18/22,https://www.techradar.com/news/windows-11-pro-will-soon-force-you-to-make-a-microsoft-account
Tesla plunges seven spots in the annual Consumer Reports ranking.,02/18/22,https://edition.cnn.com/2022/02/17/cars/tesla-consumer-reports-drop/index.html
Cookies: I looked at 50 well-known websites and most are gathering our data illegally,02/18/22,https://theconversation.com/cookies-i-looked-at-50-well-known-websites-and-most-are-gathering-our-data-illegally-176203
Snowden was right: Pandemic surveillance is here to stay,02/18/22,https://thenextweb.com/news/edward-snowden-was-right-pandemic-mass-surveillance-is-becoming-permanent
Wordle tracks you more now that The New York Times owns it,02/18/22,https://www.businessinsider.com/wordle-trackers-ads-new-york-times-ownership-2022-2
"After the Great Resignation, tech firms are getting desperate",02/18/22,https://www.wired.com/story/great-resignation-perks-tech/
"Report: Some US Apple Store workers are preparing to unionize, upset by stagnating wages",02/18/22,https://9to5mac.com/2022/02/18/report-some-us-apple-store-workers-are-preparing-to-unionize-upset-by-stagnating-wages/
"A cargo ship carrying 4,000 cars caught fire. Here's everything we know | It was full of Bentleys, Porsches and Volkswagens.",02/18/22,https://interestingengineering.com/cargo-ship-cars-fire
Beijing says it is 'seriously concerned' as India cracks down on Chinese companies,02/18/22,https://edition.cnn.com/2022/02/18/business/india-app-ban-china-reaction-intl-hnk/index.html
Australian state sets minimum pay for Amazon contractors in landmark step,02/18/22,https://www.reuters.com/business/retail-consumer/australian-state-sets-minimum-pay-amazon-contractors-landmark-step-2022-02-18/
California Will Stick Solar Panels Over Canals to Fight Two Disasters at Once,02/18/22,https://gizmodo.com/california-will-stick-solar-panels-over-canals-to-fight-1848550514
"Kanye West’s $200 Stem Player will be the only way to get his next album, Donda 2",02/18/22,https://www.theverge.com/2022/2/18/22940748/donda-2-stem-player-kanye-west-exclusive-music
Elon Musk's Boring Company has submitted a proposal for a 6.2-mile underground transit system in Miami,02/18/22,https://www.businessinsider.com/elon-musk-boring-company-north-miami-beach-loop-proposal-tesla-2022-2?international=true&r=US&IR=T
"Ex-Google CEO thinks 5G in the US is a joke, calls out AT&T and Verizon",02/18/22,https://www.androidcentral.com/ex-google-ceo-criticizes-us-5g
Google lowered its salaries in North Carolina. Now workers are protesting.,02/18/22,https://www.washingtonpost.com/technology/2022/02/18/google-raleigh-hbcu-salary/?utm_source=twitter&utm_campaign=wp_main&utm_medium=social
"Facebook whistleblower alleges executives misled investors about climate, covid hoaxes in new SEC complaints",02/18/22,https://www.washingtonpost.com/technology/2022/02/18/whistleblower-facebook-sec-climate-change/
Zuckerberg Has Burned $500 Billion Turning Facebook to Meta,02/19/22,https://nymag.com/intelligencer/2022/02/zuckerberg-has-burned-usd500-billion-turning-facebook-to-meta.html
Meta axes a head of global community development after he appears on video in underage sex sting – TechCrunch,02/19/22,https://techcrunch.com/2022/02/18/meta-axes-head-of-global-community-development-after-he-appears-on-video-in-underage-sex-sting/
U.S. Congress asks Facebook: What role did fake overseas accounts have in promoting Canada convoys? Lawmakers demanded answers in letter that mentions Russia. Facebook says it will co-operate,02/19/22,https://www.cbc.ca/news/world/congress-convoys-facebook-1.6357381
"IRS, Department of Homeland Security Contracted Firm That Sells Location Data Harvested From Dating Apps | The company formerly known as X-Mode is now part of a federal government contractor that sells location data quietly harvested from apps.",02/19/22,https://theintercept.com/2022/02/18/location-data-tracking-irs-dhs-digital-envoy/
"Intel to blend CPU, GPU cores into monster supercomputing chip",02/19/22,https://www.techradar.com/news/intel-to-blend-cpu-gpu-cores-into-monster-supercomputing-chip
"Facebook misled investors on scope of misinformation problems, whistleblower says",02/19/22,https://arstechnica.com/tech-policy/2022/02/facebook-misled-investors-on-scope-of-misinformation-problems-whistleblower-says/
The SEC pushes back after Elon Musk accused the agency of harassment and withholding $40 million in funds,02/19/22,https://www.businessinsider.com/sec-pushes-back-elon-musk-accusations-harassment-2022-2
Grocery delivery “dark stores” in Amsterdam have residents hopping mad,02/19/22,https://arstechnica.com/tech-policy/2022/02/grocery-delivery-dark-stores-in-amsterdam-have-residents-hopping-mad/
Taiwanese-Lithuanian semiconductors centre opens in Vilnius,02/19/22,https://www.lrt.lt/en/news-in-english/19/1619053/taiwanese-lithuanian-semiconductors-centre-opens-in-vilnius
Is Reddit a better search engine than Google?,02/19/22,https://www.fastcompany.com/90722739/is-reddit-a-better-search-engine-than-google
Is Firefox OK?,02/19/22,https://arstechnica.com/gadgets/2022/02/is-firefox-ok/
How Facebook twisted Canada’s trucker convoy into an international movement,02/19/22,https://www.theverge.com/2022/2/19/22941291/facebook-canada-trucker-convoy-gofundme-groups-viral-sharing
Forget state surveillance. Our tracking devices are now doing the same job.,02/19/22,https://www.theguardian.com/commentisfree/2022/feb/19/forget-state-surveillance-our-tracking-devices-are-now-doing-the-same-job
Amazon's sprawling grocery business has become an 'expensive hobby' with a cloudy future,02/19/22,https://www.cnbc.com/2022/02/19/amazons-sprawling-grocery-business-has-become-an-expensive-hobby.html
Apple's retail employees are reportedly using Android phones and encrypted chats to keep unionization plans secret,02/20/22,https://www.androidpolice.com/apple-employees-android-phones-unionization-plans-secret/
Meta says its VR platform has grown by ten times since December.,02/20/22,https://www.engadget.com/metas-horizon-vr-platform-now-counts-300000-users-104717015.html
"If Nick Clegg wants to fix Meta, he needs to tackle its problem with human rights: Instead of pursuing the ‘metaverse’, the company’s new head of global affairs should address the surveillance business model that has done so much harm",02/20/22,https://www.theguardian.com/commentisfree/2022/feb/19/nick-clegg-meta-human-rights-meta
QAnon founder may have been identified thanks to machine learning,02/20/22,https://www.engadget.com/qanon-machine-learning-205618665.html
"Privacy laws could be rolled back, UK government sources suggest | Privacy",02/20/22,https://www.theguardian.com/world/2022/feb/19/privacy-laws-could-be-rolled-back-government-sources-suggest
Microsoft opened Activision acquisition talks three days after CEO harassment report,02/20/22,https://www.engadget.com/microsoft-activision-blizzard-sec-filing-225923532.html
Survey: 44% of Cable Subs Would Cancel If They Could Stream Live Sports and Events,02/20/22,https://www.nexttv.com/news/survey-44-of-cable-subs-would-cancel-if-they-could-stream-live-sports-and-events
Epic Games is making hundreds of temp testers into full employees with benefits,02/20/22,https://www.theverge.com/2022/2/19/22942053/epic-games-full-time-employment-contingent-workers
Wind farms were paid not to generate half their potential electricity,02/20/22,https://news.yahoo.com/wind-farms-were-paid-not-170702811.html
Egyptian researcher develops brainwave-controlled wheelchair for those with paralysis,02/20/22,https://www.firstpost.com/world/egyptian-researcher-develops-brainwave-controlled-wheelchair-for-those-with-paralysis-all-you-need-to-know-10386721.html
Tesla faces another US investigation: Unexpected braking,02/20/22,https://apnews.com/article/technology-business-lifestyle-13dcbfd79de79cb1f4358c3f716e64ae
Apple has a clear path to $1T in revenue by 2030,02/20/22,https://appleinsider.com/articles/22/02/19/apple-has-a-clear-path-to-1t-in-revenue-by-2030
U.S. tech firms hunt for cheap home-based hires in Latin America,02/20/22,https://www.startribune.com/u-s-tech-firms-hunt-for-cheap-home-based-hires-in-latin-america/600148897/
Windows 12 Development Reportedly Begins In Earnest Next Month,02/20/22,https://www.tomshardware.com/news/windows-12-developement-earnest-next-month
"‘They think they can do anything’: Amazon psychologist describes on-the-job bullying, discrimination",02/20/22,https://www.seattletimes.com/business/amazon/they-think-they-can-do-anything-amazon-psychologist-describes-on-the-job-bullying-discrimination/
Twitter Suspends Hundreds of Bots Posting Chinese Olympic Propaganda.,02/21/22,https://www.businessinsider.com/twitter-suspends-hundreds-of-bots-posting-chinese-olympic-propaganda-2022-2
Exclusive: FBI Braces for Russian Cyber Attacks in US as Ukraine Tensions Rise,02/21/22,https://www.newsweek.com/exclusive-fbi-warns-russia-may-launch-cyber-attacks-us-ukraine-tensions-rise-1681012
"Gen Z is ready to break up with Tinder, and these new dating apps are here for the rebound",02/21/22,https://www.latimes.com/business/story/2022-02-11/these-dating-apps-are-trying-to-capture-gen-zs-attention
"Urgent warning for Chrome, Firefox, Edge users as browsers prepare for update",02/21/22,https://nypost.com/2022/02/20/warning-for-chrome-firefox-edge-users-to-prepare-for-update/
Windows 11 will soon be closed off to anyone without internet,02/21/22,https://www.techradar.com/news/upcoming-windows-11-pro-update-will-force-you-to-have-an-internet-connection
White Castle to hire 100 robots to flip burgers,02/21/22,https://www.today.com/food/restaurants/white-castle-hire-100-robots-flip-burgers-rcna16770
World's smallest battery can power a computer the size of a grain of dust,02/21/22,https://techxplore.com/news/2022-02-world-smallest-battery-power-size.html
Nvidia is set to spend at least $10B to secure its share of limited 5nm chip supply,02/21/22,https://www.pcgamer.com/nvidia-is-set-to-spend-at-least-dollar10b-to-secure-its-share-of-limited-5nm-chip-supply/
"Boeing Built an Unsafe Plane, and Blamed the Pilots When It Crashed",02/21/22,https://www.bloomberg.com/news/features/2021-11-16/are-boeing-planes-unsafe-pilots-blamed-for-corporate-errors-in-max-737-crash?utm_source=facebook&utm_campaign=socialflow-organic&utm_content=business&utm_medium=social&cmpid=socialflow-facebook-business&fbclid=IwAR0wWte435gep3nxFUQNdQtTnOLqHTYwx7QU3mRB0o2olSGYGTP-V9Ny9Ww
Tesla's Autopilot feature is reportedly being investigated by German regulators,02/21/22,https://www.cnbc.com/2022/02/21/teslas-autopilot-feature-is-reportedly-being-investigated-in-germany.html?__source=iosappshare%7Ccom.apple.UIKit.activity.Message
Sweden’s Volta raises $260M at a $490M valuation to get its all-electric trucks into production by the end of this year,02/21/22,https://techcrunch.com/2022/02/21/volta-raises-260m-to-get-its-all-electric-trucks-into-production-by-the-end-of-this-year/
"Elon Musk's company confirms monkeys died in brain chip testing project, denies animal cruelty",02/21/22,https://abc7chicago.com/elon-musk-neuralink-monkeys-brain-chip-monkey-death/11581014/
The US is unmasking Russian hackers faster than ever,02/21/22,https://www.technologyreview.com/2022/02/21/1046087/russian-hackers-ukraine/
I.R.S. Will Allow Taxpayers to Forgo Facial Recognition Amid Blowback,02/21/22,https://www.nytimes.com/2022/02/21/us/politics/irs-facial-recognition.html
The US Copyright Office says an AI can’t copyright its art,02/21/22,https://www.theverge.com/2022/2/21/22944335/us-copyright-office-reject-ai-generated-art-recent-entrance-to-paradise
NYC bill would ban grocery apps from advertising 15 minute delivery times,02/22/22,https://nypost.com/2022/02/21/nyc-bill-would-ban-grocery-apps-from-advertising-15-minute-delivery-times/
IRS will let taxpayers opt out of ID.me facial recognition with a live interview.,02/22/22,https://www.zdnet.com/article/irs-will-let-taxpayers-opt-out-of-id-me-facial-recognition-with-a-live-interview/
"People Trust Deepfake Faces Generated by AI More Than Real Ones, Study Finds",02/22/22,https://singularityhub.com/2022/02/21/people-trust-deepfake-faces-more-than-real-ones-study-finds/
Instagram quietly limits ‘daily time limit’ option,02/22/22,https://techcrunch.com/2022/02/21/instagram-limits-daily-time-limits/
"TikTok Can Circumvent Apple and Google Privacy Protections and Access Full User Data, 2 Studies Say",02/22/22,https://www.yahoo.com/entertainment/tiktok-circumvent-apple-google-privacy-140000271.html
"Users should be allowed to sue U.S. tech giants under EU rules, civil groups say",02/22/22,https://www.reuters.com/technology/users-should-be-allowed-sue-us-tech-giants-under-eu-rules-civil-groups-say-2022-02-22/
What's the Most Dangerous Emerging Technology?,02/22/22,https://gizmodo.com/whats-the-most-dangerous-emerging-technology-1847957403
Your attention didn’t collapse. It was stolen. Social media and many other facets of modern life are destroying our ability to concentrate. We need to reclaim our minds while we still can.,02/22/22,https://www.theguardian.com/science/2022/jan/02/attention-span-focus-screens-apps-smartphones-social-media?CMP=Share_iOSApp_Other
Elon Musk accuses the SEC of leaking information against him,02/22/22,https://www.engadget.com/elon-musk-accuses-the-sec-of-leaking-information-to-retaliate-against-him-101031796.html
Dutch consumer watchdog gives Apple fifth $5.7 million fine in App Store dispute,02/22/22,https://www.foxbusiness.com/technology/dutch-consumer-watchdog-gives-apple-fifth-5-7-million-fine-in-app-store-dispute
Lithium-ion batteries are fueling the fire on a burning cargo ship full of Porsches,02/22/22,https://qz.com/2130711/electric-vehicles-make-it-harder-to-quell-fire-on-felicity-ace-cargo-ship/
Virgin Hyperloop lays off 111 staffers as it abandons plans for passenger transport,02/22/22,https://www.engadget.com/virgin-hyperloop-kills-passenger-transport-go-cargo-only-111823967.html
"Apple Store employees have been using Android phones to help keep their unionizing efforts secret, report says",02/22/22,https://www.businessinsider.com/apple-store-union-drive-android-phones-snooping-tim-cook-2022-2
Union says Amazon continues to interfere with election at Alabama warehouse,02/22/22,https://www.reuters.com/business/retail-consumer/union-says-amazon-continues-interfere-with-election-alabama-warehouse-2022-02-22/
Inside “Project Tinman”: Peloton’s plan to conceal rust in its exercise bikes,02/22/22,https://arstechnica.com/gadgets/2022/02/inside-project-tinman-pelotons-plan-to-conceal-rust-in-its-exercise-bikes/
Report: Missouri Governor’s Office Responsible for Teacher Data Leak,02/22/22,https://krebsonsecurity.com/2022/02/report-missouri-governors-office-responsible-for-teacher-data-leak/
Elon Musk’s claims Neuralink’s brain implants can take 'photos' of memories and help paraplegics walk again,02/22/22,https://fortune.com/2022/02/22/elon-musk-neuralink-brain-implant-claims/
Facebook ‘lets vigilantes in Ethiopia incite ethnic killing’,02/23/22,https://www.theguardian.com/technology/2022/feb/20/facebook-lets-vigilantes-in-ethiopia-incite-ethnic-killing
I Would Happily Go Back to Using an MP3 Player if I Could Put Winamp in My Pocket,02/23/22,https://www.gizmodo.com.au/2022/02/i-would-happily-go-back-to-using-an-mp3-player-if-i-could-put-winamp-in-my-pocket/
Missouri governor’s wild claims about journalist debunked in police report,02/23/22,https://arstechnica.com/tech-policy/2022/02/missouri-governors-wild-claims-about-journalist-debunked-in-police-report/
Metaverse app allows kids into virtual strip clubs,02/23/22,https://www.bbc.com/news/technology-60415317
"It’s Time We Reclaim Our Focus: ""The typical American worker focuses on a given task for just three minutes. Each day, we touch or check our phones more than 2,000 times, and spend more than three hours staring at them""",02/23/22,https://www.nytimes.com/2022/02/16/well/mind/focus-johann-hari.html
"Peloton Sold Rusted Bikes to Customers and Allegedly Tried to Hide It | The company calls it ""cosmetic oxidation"" and claims the corrosion doesn't impact performance.",02/23/22,https://gizmodo.com/peloton-rusted-bikes-1848576618
"Apple Would Rather Pay Up to €50 Million in Fines Than Address 'Gatekeeper' App Store Behavior, Says EU Chief",02/23/22,https://www.macrumors.com/2022/02/23/apple-rather-pay-fines-than-address-app-store/
The Call of Duty series is reportedly taking a break in 2023 | Bloomberg says next year’s mainline game has been delayed,02/23/22,https://www.theverge.com/2022/2/22/22946505/call-of-duty-2023-delayed-annual-release-activision-blizzard
Bill Gates applauds Indian vaccine manufacturers for supplying affordable vaccines across the world,02/23/22,https://www.thehindu.com/news/national/bill-gates-applauds-indian-vaccine-manufacturers-for-supplying-affordable-vaccines-across-the-world/article65076576.ece
"Fed Up With Google, Conspiracy Theorists Turn to DuckDuckGo",02/23/22,https://www.nytimes.com/2022/02/23/technology/duckduckgo-conspiracy-theories.html
Subaru buyers caught in right-to-repair fight over its cars,02/23/22,https://apnews.com/article/technology-business-lifestyle-massachusetts-fecfbffa9ec4cbc4ff87e5c69592377a
"Facebook Is Not Labelling Climate Denial Posts, Study Finds",02/23/22,https://www.vice.com/en/article/qjbxdp/facebook-climate-change-denial
Twitter accounts sharing video from Ukraine are being suspended when they’re needed most,02/23/22,https://www.theverge.com/2022/2/23/22947769/twitter-osint-russia-ukraine-invasion-suspended-error
Cyberattack hits Ukrainian banks and government websites,02/23/22,https://www.cnbc.com/2022/02/23/cyberattack-hits-ukrainian-banks-and-government-websites.html
"Facebook failing to flag harmful climate misinformation, new research finds",02/23/22,https://www.counterhate.com/post/facebook-failing-to-flag-harmful-climate-misinformation-new-research-finds
Meta announces plans to build an AI-powered ‘universal speech translator’,02/23/22,https://www.theverge.com/2022/2/23/22947368/meta-facebook-ai-universal-speech-translation-project
